problem;solution;relevance;problemPopularityScore;problemPopularityExplanation;problemGrowingScore;problemGrowingExplanation;problemUrgentScore;problemUrgentExplanation;problemExpenseScore;problemExpenseExplanation;problemFrequentScore;problemFrequentExplanation;solutionCompletenessScore;solutionCompletenessExplanation;solutionTargetScore;solutionTargetExplanation;solutionNoveltyScore;solutionNoveltyExplanation;solutionFinImpactScore;solutionFinImpactExplanation;solutionImplementabilityScore;solutionImplementabilityExplanation;newName;tags;summary
more than 130 Billon plastic bottles waste annualy in Egypt;Bariq factory to recyle plastic bottels;Valid;6.0;The sheer number of plastic bottles wasted annually in Egypt is staggering, indicating a significant impact.;3.0;The magnitude of the problem is significant, given the large number of plastic bottles wasted annually in Egypt.;6.5;The problem is severe, given the high volume of plastic waste.;4.0;The magnitude of the problem is significant, given the large number of plastic bottles wasted annually in Egypt.;6.5;The problem of plastic bottle waste in Egypt is significant, given the large number of bottles wasted annually.;5.0;The solution of establishing a recycling factory is a step in the right direction towards addressing the problem of plastic bottle waste.;4.0;The solution proposed does address the issue of plastic waste, which aligns with the principle of maintaining high-value material cycles.;2.0;While the idea of recycling plastic bottles is crucial for sustainability, it is not a novel concept.;4.0;While the idea of a recycling factory is a step in the right direction towards sustainability, the financial impact is not clearly outlined.;4.0;While the idea of a recycling factory is a good start, the proposal lacks detail and depth.;Default Name;Materials;Bariq factory is addressing the issue of over 130 billion plastic bottles wasted annually in Egypt through recycling.
The fashion industry contributes about 10% of global CO2 emissions, with fast fashion being the major contributor. Fast fashion leads to the creation of end-of-life waste, where 85% of textile waste ends up in landfills or is incinerated. Furthermore, the industries involved in the production of fast-fashion are found in developing countries where workers face poor working conditions, and economies struggle due to rising waste management costs.  ;""Full Turn Fashion"" is a comprehensive circular economy model designed to tackle fashion waste and pollution. Ushering the paradigm shift from usual 'produce-use-dispose' to 'reduce-reuse-recycle, we encourage consumers to return their worn-out clothing which we will collect, sort and recycle into unique, locally produced garments. Wastes unsuitable for direct recycling will be decomposed to produce organic dyes and materials. Operating specifically within fast-fashion importing countries, these processes involve local SMEs and communities, promoting local economy growth and creating jobs. Financial feasibility is achieved through revenue from the sale of upcycled apparel and premium value added to Geographical Indication. Our model is scalable, with potential for network expansion across other fast-fashion importing countries, steering the global fashion industry towards sustainability.;Valid;8.0;The issue is globally recognized and the explanation is detailed, highlighting the environmental and social impacts of the fast fashion industry.;7.0;The user has identified a significant problem with clear implications for both the environment and human rights.;8.2;The user effectively highlights the urgency of the problem, providing specific details about the environmental and social impacts of the fast fashion industry.;7.0;The user has identified a significant problem, namely the environmental and economic impact of the fast fashion industry.;7.0;The user has identified a significant problem in the fashion industry, specifically fast fashion, which contributes to global CO2 emissions and creates a large amount of waste.;8.0;The "Full Turn Fashion" solution presents a comprehensive approach to addressing the problem of waste and pollution in the fashion industry.;7.8;The "Full Turn Fashion" concept aligns well with the principles of the circular economy, particularly in maintaining high-value material cycles and maximizing resource use.;7.0;The proposed solution, "Full Turn Fashion," is a commendable approach to address the issue of waste and pollution in the fashion industry.;7.0;The "Full Turn Fashion" model presents a promising approach to tackling the environmental and economic issues associated with fast fashion.;7.0;The idea of "Full Turn Fashion" is commendable and aligns well with the principles of circular economy and sustainability.;Default Name;Materials;"Full Turn Fashion" is a circular economy model aimed at reducing fashion waste and pollution by encouraging consumers to return worn-out clothing for recycling into new garments, promoting local economies, and steering the global fashion industry towards sustainability.
The chemical industry is grappling with significant challenges like resource scarcity, increasing regulatory pressures, and the need to reduce the adverse environmental footprint. This not only hampers the industry's flexibility and adaptability but also poses a threat to its financial health.  ;Let's leverage the concept of Chemical Leasing. Unlike traditional business models where chemical producers sell as much product as possible, Chemical Leasing focuses on selling the function of a chemical. This means that chemical producers and users form a partnership, agreeing to strive for reduced chemical use and a safer, more efficient working process. This model promotes the most efficient use of chemicals, reducing waste and limiting environmental impact.  At the same time, it solves the financial challenge by turning a volume-based sales approach into a value-based one, thus aligning the interests of both buyer and seller. This approach is credible, as it has been implemented successfully in various cases like UNIDO's global chemical leasing awards.   The solution is feasible and scalable as it doesn't require substantial financial or technological changes and can be applied across various industries and chemical applications.;Valid;6.8;The issue is indeed a global concern, and the explanation is quite detailed.;4.0;The user has identified a significant problem in the chemical industry, which is indeed a pressing issue.;7.5;The user has effectively highlighted the urgency of the problem in the chemical industry, emphasizing the immediate need for action due to resource scarcity, regulatory pressures, and environmental concerns.;4.0;The user has identified a significant problem in the chemical industry, which includes resource scarcity, regulatory pressures, and environmental concerns.;3.5;The user has identified a significant problem in the chemical industry, which is the scarcity of resources, regulatory pressures, and the need to reduce environmental impact.;7.8;The solution presented is innovative and aligns well with the principles of the circular economy by promoting efficient use of chemicals and reducing waste.;7.0;The proposed solution of Chemical Leasing aligns well with the principles of the circular economy, particularly in maintaining high-value material cycles and reducing waste.;6.0;The idea of Chemical Leasing is not entirely new, as it has been implemented in various cases like UNIDO's global chemical leasing awards.;7.0;The Chemical Leasing model presents a promising shift from volume-based to value-based sales, which could potentially lead to cost savings and revenue generation.;7.0;The idea of Chemical Leasing is innovative and aligns well with the principles of a circular economy and sustainability.;Score;Materials;The chemical industry can address challenges such as resource scarcity, regulatory pressures, and environmental impact by adopting the Chemical Leasing business model, which focuses on selling the function of a chemical rather than the volume, promoting efficient use, reducing waste, and aligning the interests of both buyer and seller.
The construction industry is indubitably one of the significant contributors to global waste, contributing approximately 1.3 billion tons of waste annually, exerting significant pressure on our landfills and natural resources. Traditional construction methods entail single-use designs that require frequent demolitions, leading to resource depletion and wastage.   ;Herein, we propose an innovative approach to mitigate this problem: Modular Construction. This method embraces recycling and reuse, taking a significant stride towards a circular economy.   Modular construction involves utilizing engineered components in a manufacturing facility that are later assembled on-site. These components are designed for easy disassembling, enabling them to be reused in diverse projects, thus significantly reducing waste and conserving resources.  Not only does this method decrease construction waste by up to 90%, but it also decreases construction time by 30-50%, optimizing both environmental and financial efficiency. This reduction in time corresponds to substantial financial savings for businesses. Moreover, the modular approach allows greater flexibility, adapting to changing needs over time.  We believe, by adopting modular construction, the industry can transit from a 'take, make and dispose' model to a more sustainable 'reduce, reuse, and recycle' model, driving the industry towards a more circular and sustainable future. The feasibility of this concept is already being proven in markets around the globe, indicating its potential for scalability and real-world application.;Valid;7.2;The issue is a well-known issue globally, and it is very descriptive.;4.0;The user has identified a significant problem in the construction industry, which is a major contributor to global waste.;7.8;The user effectively highlights the urgency of the problem, providing specific details about the construction industry's contribution to global waste.;4.0;The user has identified a significant problem in the construction industry, which is a major contributor to global waste.;7.0;The user has identified a significant and recurrent problem in the construction industry, which is a major contributor to global waste.;8.0;The solution presented is a well-thought-out approach to addressing the problem of waste in the construction industry.;7.8;The proposed solution of modular construction aligns well with the principles of the circular economy, particularly in maintaining high-value material cycles and creating diverse values beyond financial metrics.;5.0;The idea of modular construction is not new and has been in practice for several years in various parts of the world.;7.8;The proposed solution of modular construction presents a significant potential for cost savings and revenue generation.;7.0;The solution proposed is indeed innovative and aligns with the principles of a circular economy.;Score;Materials;The construction industry, a major contributor to global waste, can significantly reduce waste and conserve resources by adopting modular construction, a method that allows for recycling and reuse of components, decreases construction time by 30-50%, and promotes a sustainable 'reduce, reuse, and recycle' model.
High levels of food waste in urban areas; Develop community composting programs to transform organic waste into valuable compost for local garden;Valid;6.5;The issue is widespread and impacts a large number of people, but the explanation lacks depth and specificity.;5.0;The problem of food waste in urban areas is indeed a significant issue, with a high magnitude due to the sheer volume of waste produced.;6.0;While the problem is indeed urgent, the explanation lacks detail and specificity, making it difficult to fully grasp the severity and immediate need for action.;5.0;The problem of food waste in urban areas is indeed a significant one, with substantial economic implications.;6.0;The problem of high levels of food waste in urban areas is indeed a significant issue in terms of sustainability and circular economy.;7.0;The solution addresses the problem of food waste in urban areas by proposing a community composting program.;7.0;The proposed solution aligns well with the principle of maintaining continuous high-value material cycles by transforming food waste into compost.;5.0;The idea of community composting programs is not new and has been implemented in various places around the world.;6.0;The solution has potential for cost savings by reducing waste management expenses and creating a valuable resource from waste.;6.0;The solution proposed is a practical approach to managing food waste and promoting sustainability.;Default Name;Materials;The issue of high food waste in urban areas can be addressed by implementing community composting programs that convert organic waste into useful compost for local gardens.
The fast fashion industry promotes high consumption rates, resulting in huge amounts of waste and pollution. There is an unmet need for sustainable fashion consumption that encourages reuse and conservation, adds novelty, and addresses environmental and financial concerns.  ;I propose an innovative digital platform that uses Augmented Reality (AR) technology for consumers to ""try on"" and virtually own clothing items. This would permit customers to experience wearing various fashion items without the need for physical ownership. Besides reducing waste and pollution associated with production and disposal, such a platform would provide unprecedented variety in virtual wardrobes, thereby catering to the consumer desire for constantly changing styles.  Users could pay a subscription fee to access a vast virtual fashion library, thus generating steady revenue for businesses. The AR technology can be continuously updated and scaled up, enabling expansion into new markets and styles. While upfront investment in technology development and updates may be significant, this will be offset by reduced production costs and increased customer reach. The environmental impact would be vastly reduced as clothing production would drop dramatically, effectively addressing one of the world's largest polluting industries. The novelty lies in the use of AR technology in this field, which still is a largely untapped area. This integrates technology with sustainable fashion practices, creating value for consumers, businesses, and most importantly, our planet.;Valid;7.8;The fast fashion industry's impact is widespread and well-articulated in this explanation.;7.0;The user correctly identifies a significant problem in the fast fashion industry and its environmental impact.;7.5;The urgency of the problem is well-articulated, highlighting the environmental and economic implications of the fast fashion industry.;6.0;The user correctly identifies the fast fashion industry as a significant economic problem due to its promotion of high consumption rates, which leads to waste and pollution.;6.5;The problem of high consumption rates and waste in the fast fashion industry is indeed significant and recurrent.;7.0;The solution presents a novel approach to addressing the problem of waste and pollution in the fast fashion industry.;7.0;The idea of using AR technology to reduce the environmental impact of the fast fashion industry is innovative and aligns with the principles of the circular economy.;7.0;The idea of using AR technology to reduce the environmental impact of the fast fashion industry is innovative and has potential.;7.0;The proposed solution is innovative and has the potential to generate steady revenue through subscription fees.;7.0;The idea of using AR technology to reduce waste and pollution in the fast fashion industry is innovative and aligns with the principles of a circular economy.;Default Name;Materials;The proposal suggests an innovative digital platform using Augmented Reality (AR) technology for sustainable fashion consumption, allowing consumers to virtually try on and own clothing items, reducing waste and pollution, and providing a revenue stream for businesses through subscription fees.
Single-use plastic packaging has become an all-too-common sight in our environment, resulting in detrimental environmental impacts. Studies show that approximately 8.3 billion tonnes of plastic have been produced since 1950, and 60% of that plastic ends up in either our landfills or the natural environment. This contributes greatly to pollution, harms wildlife, affects human health, and exacerbates climate change.   ;To alleviate this problem, we propose developing a consumer-friendly, easy-to-use app that manages and optimises the reverse logistics of packaging. Imagine this: when purchasing a product, consumers will pay a one-time fee for reusable packaging. After use, they can return the empty packaging via designated collection points or direct pickup services. The app will facilitate this process by tracking, scheduling pickups or locating nearby collection points. The packaging is then cleaned and reused, thereby reducing the need for new plastic production and ensuring the packaging circulates within the economy, instead of ending up as waste. This app will not only help consumers make more sustainable choices but also incentivise producers to shift towards a circular economy model.;Valid;7.8;The issue of single-use plastic packaging is a global concern affecting a large number of people, animals, and ecosystems.;7.0;The user has identified a significant problem with clear environmental implications.;8.5;The user effectively communicates the urgency of the problem, providing specific statistics to highlight the severity of plastic pollution.;4.0;The user has identified a significant problem - the overuse of single-use plastic packaging and its environmental impact.;7.0;The user has identified a significant and recurrent problem - the production and disposal of single-use plastic packaging.;7.8;The solution presented is innovative and aligns well with the problem of single-use plastic packaging.;7.0;The proposed solution aligns well with the principles of maintaining high-value material cycles and creating diverse values beyond financial metrics.;7.0;The proposed solution is a good step towards addressing the issue of single-use plastic packaging.;7.0;The proposed solution has potential for generating revenue through the one-time fee for reusable packaging and the app service.;6.5;The idea of an app to manage and optimize the reverse logistics of packaging is innovative and aligns with the principles of a circular economy.;Score;Materials;The proposed solution to the problem of single-use plastic pollution is the development of a consumer-friendly app that manages the return and reuse of packaging, thereby reducing new plastic production and promoting a shift towards a circular economy model.
The massive shift in student learning towards digital platforms has resulted in an increased carbon footprint due to energy consumption from data centers and e-waste from obsolete devices. Simultaneously, physical books are often produced, used once, and then discarded, leading to waste and deforestation.  ;Implement a ""Book Swap"" program within educational institutions and local communities. This platform allows students to trade books they no longer need with others who require them, reducing the need for new book production and hence, lowering the rate of resource depletion. Furthermore, the platform could have a digital component to track book exchanges, giving users credits for each trade, which they can accrue and redeem. This system encourages and amplifies the benefits of reusing and sharing resources, thus contributing to the circular economy.   By integrating gamification, getting students and parents involved and providing an easy-to-use platform, the program could influence a cultural shift towards greater resource value appreciation and waste reduction. In terms of the financial aspect, less reliance on purchasing new books could save money for students, parents and schools.;Valid;6.8;The topic is relevant and impacts a large number of individuals, particularly in the current digital age.;6.5;The user has identified a significant problem related to the digital shift in education and its environmental impact.;7.5;The urgency of the problem is well-articulated, highlighting the environmental impact of both digital and traditional learning methods.;5.0;The user has identified a significant problem related to the shift towards digital learning and its environmental impact.;6.0;The problem of increased carbon footprint due to digital learning and the waste from physical books is significant and recurrent.;7.8;The solution presented is a commendable attempt at addressing the problem of waste from both digital and physical learning resources.;7.0;The proposed solution aligns well with the principles of maintaining high-value material cycles and creating diverse values beyond financial metrics.;6.5;The idea of a "Book Swap" program is not entirely novel, as similar concepts have been implemented in various forms, such as libraries and second-hand bookstores.;7.0;The "Book Swap" program presents a viable solution to the problem of resource depletion and waste generation in the education sector.;7.0;The idea of a "Book Swap" program is a practical solution to the problem of resource depletion and waste generation in the education sector.;Summary;Materials;The implementation of a "Book Swap" program within educational institutions and local communities can reduce the carbon footprint from digital learning and physical book waste by encouraging the reuse and sharing of resources, promoting a circular economy, and saving money for students, parents, and schools.
Rapid advancement in technology and our demand for the latest electronic devices, such as laptops, computers, and other digital gadgets, result in huge amounts of electronic waste. It's not just harmful for the environment but also poses potential health risks due to the toxic materials contained in these gadgets.  ;We can contribute to the circular economy by developing a comprehensive online platform that connects people who want to lease their unused electronic devices with those in temporary need of such gadgets. This online marketplace would host a range of electronic devices, including computers, laptops, audio equipment, and other peripherals.   By doing so, we reduce the demand for new electronic goods, thus slowing down tech-related waste generation. As for financial impact, the website's leasing model could become a new revenue stream for electronic device owners and an affordable equipment source for consumers, businesses, and even schools and non-profits.   Features of this platform would include user accounts, device listings, transparent ratings and reviews, secure payment processing, lease agreement creation, and a seamless connection with shipping services. Implementation is highly feasible with current e-commerce technologies, and scalability is vast as digital gadgets are universally used and often replaced. The environmental impact is significant, as it directly targets the pressing issue of electronic waste and energy consumption.;Valid;7.5;The issue of electronic waste is indeed a global concern impacting a large number of people.;6.0;The user has identified a significant problem, electronic waste, which is indeed a growing concern due to the rapid advancement in technology and our increasing demand for the latest electronic devices.;8.2;The user effectively communicates the urgency of the problem, highlighting both the environmental and health risks associated with electronic waste.;4.0;The user has identified a significant problem, electronic waste, which indeed has substantial economic implications.;5.0;The problem of electronic waste is indeed significant and poses serious environmental and health risks.;7.8;The solution presented is a creative approach to the problem of electronic waste, and it aligns well with the principles of the circular economy.;7.0;The proposed solution aligns well with the principles of the circular economy, particularly in maintaining high-value material cycles and creating diverse values beyond financial metrics.;7.0;The proposed solution is a creative approach to the problem of electronic waste, and it has the potential to make a significant impact.;7.0;The proposed solution presents a viable business model that could generate revenue through leasing fees and commissions.;7.0;The idea of an online platform for leasing unused electronic devices is innovative and aligns well with the principles of a circular economy.;Default Name;Materials;An online platform that facilitates the leasing of unused electronic devices can contribute to the circular economy, reduce electronic waste, and provide a new revenue stream for device owners, while offering an affordable source of equipment for consumers, businesses, and non-profits.
Electronic waste, or e-waste, is a major environmental issue. The consumer electronics industry is characterized by high rates of product replacementâ€”old devices rapidly become waste as consumers chase the latest technology.   ;My idea is to introduce a business model where companies adopt a subscription-based service for electronics. Instead of buying a physical product, consumers subscribe to the service, and the company provides them with the latest electronic device. When a new model is introduced, the company reclaims the old models for refurbishment and recirculation or for part harvesting to generate new products. This approach can reduce e-waste and stimulate sustainable business practices. It promotes reuse and recycling of materials, allows for continued technology advancement, and creates a long-term relation between consumers and companies that can lead to sustainable consumption habits.;Valid;6.8;The topic is indeed popular and impacts a large number of people, but the explanation lacks depth and specificity about its popularity.;4.0;The problem of e-waste is indeed significant and growing, but the explanation provided lacks depth and detail.;7.5;The user has identified a pressing issue, but the explanation lacks specific details about the rate of e-waste generation and its immediate impact on the environment.;3.0;While the problem of e-waste is indeed significant, the user's explanation lacks depth in terms of its economic implications.;5.0;The problem of electronic waste is indeed significant and recurrent, given the rapid pace of technological advancement and consumer behavior.;8.0;The solution presented is a strong and innovative approach to the e-waste problem.;7.8;The proposed solution aligns well with the circular economy's principle of maintaining high-value material cycles, as it promotes the reuse and recycling of electronic devices.;6.0;The proposed solution is not entirely novel as subscription-based services for electronics already exist in the market.;7.0;The proposed solution presents a potentially profitable business model that could generate steady revenue through subscription services.;7.0;The idea of a subscription-based service for electronics is innovative and aligns with the principles of a circular economy.;Default Name;Materials;The proposed solution to the e-waste problem is a subscription-based business model where companies provide consumers with the latest electronic devices and reclaim old models for refurbishment, recycling, or part harvesting, promoting sustainable consumption and business practices.
Accelerated depletion of natural resources, landfill overflows, environmental pollution from the construction industry, and inadequate recycling of plastic waste.  ;Introduction of ""Recycled Plastic Building Materials"". Plastic can be repurposed into varied construction materials, significantly reducing dependence on traditional resources and minimizing plastic waste.  1. Roofing tiles 2. Reinforced concrete through plastic fibers 3. Indoor insulation 4. Structural lumber (as an alternative to steel and wood) 5. PVC windows (supplanting steel, aluminium, and wooden windows) 6. Recycled plastic bricks, flooring and ceiling tiles 7. Environment-friendly plastic fences 8. Plumbing systems using recycled plastic pipes  Circular Economy Contributions:      1. Waste and Pollution Reduction: Recycled plastic construction materials reduce plastic waste, help curb soil pollution associated with mining, and limit landfill accumulation.  2. Product and Material Circulation: Once utilised, these plastic-based construction materials can be recycled again, creating a continuous usage cycle.  3. Nature Regeneration: Finishing materials with wood or stone-like aesthetics can significantly lower demand for real wood or stones, thereby conserving natural resources.  Environmental Impact: Reduced landfill usage, lesser pollution caused by plastic waste, and conservation of natural resources.  Financial Impact: Affordable construction materials could be introduced in the market, potentially driving down construction costs.  Feasibility and Scalability: With the commonality of plastic waste, production could be scaled up quickly, given the necessary investment in recycling facilities and technology. It could become a global solution for sustainable and affordable construction.;Valid;6.0;The issues mentioned are indeed significant and widespread, affecting a large number of people and ecosystems.;4.0;The user has identified significant problems related to sustainability and the circular economy, such as the depletion of natural resources, landfill overflows, environmental pollution from the construction industry, and inadequate recycling of plastic waste.;7.5;The user has identified several pressing issues related to the construction industry and waste management.;4.0;The user has identified significant problems related to resource depletion, landfill overflows, environmental pollution, and inadequate recycling.;4.0;The user has identified significant problems related to the circular economy and sustainability, such as the accelerated depletion of natural resources, landfill overflows, environmental pollution from the construction industry, and inadequate recycling of plastic waste.;8.0;The solution presented is comprehensive and directly addresses the problem of resource depletion, landfill overflow, and environmental pollution from the construction industry.;7.8;The proposed solution aligns well with the principles of the circular economy, particularly in maintaining high-value material cycles and reducing waste and pollution.;7.0;The idea of using recycled plastic in construction is not entirely new, as there are already existing initiatives that utilize plastic waste for building materials.;7.0;The solution presents a viable approach to addressing the problem of plastic waste and resource depletion in the construction industry.;7.0;The idea of using recycled plastic in construction materials is innovative and aligns well with the principles of a circular economy.;Default Name;Materials;The introduction of recycled plastic building materials can significantly reduce environmental pollution and natural resource depletion, while also offering affordable construction materials, contributing to a circular economy, and potentially becoming a global solution for sustainable construction.
The majority of the materials used in producing electronic goods are not being utilized optimally. Numerous electronic devices are replaced before their lifespan ends, often due to minor malfunctioning or outdated components, resulting in significant production of electronic waste and underutilization of natural resources.  ;An innovative concept would be a modular electronic device model where users are able to upgrade or swap components, rather than replacing the entire device, thus promoting a circular economy. This goes beyond just restoration but rather the idea of creating an electronic gadget that thrives on reuse and modifications, maximising the life and value of each part.   Manufacturers need to design gadgets with modules for core components, allowing for easy upgrades or replacements. For instance, a smartphone could have individually upgradeable components: camera, battery, CPU, etc. When a module fails or becomes outdated, only that module needs to be replaced.  This idea promotes resource use efficiency and significantly cuts waste, under the 'reduce, reuse, repair' mantra. The replaced modules should be sent back to manufacturers for refurbishment or extraction of critical raw materials.   For businesses it opens a new market space, enabled by sale of modules and recycled components, providing long term value capture. It also increases customer loyalty as they continually engage with the manufacturers in the lifecycle of their device. The model is scalable as it allows for the continuous incorporation of technological advancements within the same core device.   This modular approach is not only novel but it clearly addresses the broader picture of how electronic devices should be designed for a circular economy, considering environmental protection, resource efficiency, economic viability, and customer value.;Valid;7.5;The issue of electronic waste is a global concern impacting many individuals and organizations.;5.0;The problem of electronic waste and underutilization of resources is indeed a significant issue in the context of a circular economy and sustainability.;7.5;The user has effectively highlighted the urgency of the problem, emphasizing the wastefulness of current electronic goods production and disposal practices.;4.0;The user has identified a significant problem - the underutilization of materials in electronic goods production and the resulting electronic waste.;6.0;The problem of electronic waste and underutilization of resources is indeed significant and recurrent.;8.5;The solution presented is a comprehensive and innovative approach to the problem of electronic waste and underutilization of resources.;7.8;The proposed solution aligns well with the principles of the circular economy, particularly in maintaining high-value material cycles and maximizing resource use.;8.0;The proposed solution is innovative and has the potential to significantly reduce electronic waste and promote a circular economy.;7.8;The proposed solution presents a promising approach to reducing electronic waste and promoting a circular economy.;7.0;The idea of modular electronic devices is innovative and aligns well with the principles of a circular economy.;Default Name;Materials;The problem of electronic waste and underutilization of resources can be addressed by adopting a modular electronic device model, where users can upgrade or swap components instead of replacing the entire device, promoting a circular economy, resource efficiency, and creating new market opportunities for businesses.
The fashion industry is one of the top contributors to global pollution. The mass production, distribution and disposal of clothing is not sustainable long-term, leading to the release of greenhouse gases from manufacturing, shipping and wasted clothing in landfills.   ;The proposed solution is a garment rental service. Such a service should work closely with major clothing brands. When buying items, customers should have the option to buy or rent. This model would be like a subscription service where customers can select a set number of items each month, wear them, then return them for other items. Clothing would be professionally cleaned between customers and repaired as necessary to maximize its life cycle. When a garment is no longer suitable for rental, it can be recycled into new clothes. This solution reduces the number of garments produced, the amount of transportation needed, and the quantity of clothes going to landfills. Completely damaged or unusable textiles can be reused or recycled into new products. It also gives financial value to businesses as it transforms fashion from a single-purchase model into a subscription service, creating a continuous income stream. Its feasibility and scalability depend on factors such as location, culture, and income level. However, as digital platforms become more common for commerce, this concept could be globally implemented.;Valid;7.5;The fashion industry's impact is indeed vast, affecting a large number of people and the environment.;6.0;The user correctly identifies a significant problem, the fashion industry's contribution to global pollution, and provides a basic explanation of the issue.;7.5;The user effectively highlights the urgency of the problem, pointing out the fashion industry's significant contribution to global pollution.;5.0;The user correctly identifies the fashion industry as a significant contributor to global pollution, which has substantial economic implications.;6.0;The user correctly identifies a significant and recurring problem in the fashion industry's contribution to global pollution.;7.8;The solution presented is a promising approach to addressing the environmental impact of the fashion industry.;7.0;The proposed solution aligns well with the principles of the circular economy, particularly in maintaining high-value material cycles and maximizing resource use.;5.0;The idea of a garment rental service is not new and has been implemented by several companies already.;7.0;The proposed solution has a good potential for generating continuous income through the subscription model, which could be a significant financial benefit for businesses.;7.0;The idea of a garment rental service is not new, but its integration with major clothing brands could be a game-changer.;Default Name;Materials;The proposed solution to the fashion industry's significant contribution to global pollution is a garment rental service, which would reduce production, transportation, and landfill waste, while also providing a continuous income stream for businesses.
The fashion industry has a considerable environmental impact due to high resource utilization and waste. However, implementing a ""pure"" rental model may face several feasibility and scalability issues, and the environmental benefits may be offset by the footprint of maintenance and logistics.  ;Instead of a complete rental model, we propose an ""Integrated Clothing Lifecycle Management"" system, where businesses not only rent out clothes but also sell second-hand clothes, create clothes from recycled fibers, and incentivize consumers to participate in these activities. In the proposed model, companies should collaborate with local businesses like laundromats and recyclers, turning every city into a practical network hub of the circular economy, which will reduce the carbon footprint of logistics. This model increases customer engagement and improves feasibility by offering options that falls in line with comfort for different market segments. It is scalable as it can be adapted by both big brands and local businesses, and it reduces the dependency on garment production and the associate environmental toll. It thus provides a financial prosperous scenario as well, by tapping into the burgeoning second-hand and sustainable market.;Valid;6.8;The topic is popular and the explanation is quite detailed, but it lacks a clear indication of the number of people or organizations that would be impacted by this change.;6.0;The user has identified a significant problem in the fashion industry, which is known for its high resource utilization and waste.;6.5;The urgency of the problem is well-articulated, but the explanation lacks specific details about why immediate action is required.;6.0;The user has identified a significant problem in the fashion industry, which is known for its high resource utilization and waste.;4.0;The user identifies a significant problem in the fashion industry, which is its high environmental impact due to resource utilization and waste.;8.0;The proposed solution presents a comprehensive approach to the problem of environmental impact in the fashion industry.;7.8;The proposed solution demonstrates a good understanding of the circular economy principles, particularly in maintaining high-value material cycles and creating diverse values beyond financial metrics.;7.0;The proposed solution of an "Integrated Clothing Lifecycle Management" system is a creative approach to the problem of waste in the fashion industry.;7.0;The proposed solution presents a comprehensive approach to managing the lifecycle of clothing, which could potentially generate revenue from multiple streams - rentals, second-hand sales, and recycled products.;7.0;The proposed solution is innovative and aligns well with the principles of the circular economy.;Default Name;Materials;The proposed "Integrated Clothing Lifecycle Management" system aims to mitigate the environmental impact of the fashion industry by combining rental services, second-hand sales, and recycling initiatives, while also collaborating with local businesses to reduce logistics-related carbon footprint, making it a feasible, scalable, and financially viable solution.
I'm sure you, like me, are feeling the heat - literally! With World Health Organization declaring climate change as ""the greatest threat to global health in the 21st century"", we're in a race against time to move away from fossil fuels to more efficient, less polluting electrical power. But as we take bold leaps into a green future with electric cars and heating, we're confronted with a new puzzle - generating enough electrical power without using fossil fuels!  ;Imagine standing on a green hill, not a single towering, noisy windmill in sight, and yet, you're surrounded by wind power generation! Using existing, yet under-utilized technology, I propose a revolutionary approach to harness wind energy on a commercial scale, without those ""monstrously large and environmentally damaging windmills"". With my idea, we could start construction tomorrow and give our electrical grid the jolt it needs, creating a future where clean, quiet and efficient energy isn't a dream, but a reality we live in. This is not about every home being a power station, but about businesses driving a green revolution from the ground up!;Valid;7.8;The issue is globally recognized and the explanation is quite detailed, touching on the urgency of the situation and the challenges faced in transitioning to cleaner energy sources.;6.0;The user has identified a significant problem - the need for increased electrical power as we transition away from fossil fuels.;8.2;The user effectively communicates the urgency of the problem, highlighting the immediate threat of climate change and the need for a swift transition to renewable energy sources.;4.0;The user has identified a significant global problem - the need for a transition from fossil fuels to renewable energy sources.;4.0;The user has identified a significant and recurring problem, which is the challenge of generating enough electrical power without using fossil fuels.;6.0;The solution presented is intriguing and aligns with the problem of needing to generate more electrical power without using fossil fuels.;6.5;The idea of harnessing wind energy on a commercial scale without the use of large windmills is intriguing and aligns with the principles of the circular economy, particularly in terms of utilizing renewable energy sources.;6.0;The idea of harnessing wind energy on a commercial scale without the use of large windmills is intriguing and could potentially have a significant impact on the energy sector.;6.0;The idea of harnessing wind energy on a commercial scale without the use of large windmills is intriguing and could potentially lead to cost savings and revenue generation from the sale of clean energy.;4.0;The problem is well-articulated and relevant, but the solution lacks specificity and detail.;Default Name;Energy;The speaker proposes a revolutionary approach to harness wind energy on a commercial scale without the use of large, environmentally damaging windmills, aiming to provide a significant boost to the electrical grid and promote a future of clean, efficient energy.
On a global scale, massive amounts of food gets wasted at a shocking rate. This is particularly prominent in the restaurant and fast-food industry where surplus food and ingredients are often discarded. This rampant food waste not only has a significant environmental impact, but it also overlooks the potential value of these resources that could otherwise be tapped into.  ;I envision a unique and exciting solution where restaurants and fast-food chains create partnerships with local composting enterprises. In this system, these businesses would collect their food waste and sell it to composting companies who would then convert this waste into nutrient-rich soil. This soil can be sold back to local agricultural producers or to the general public for home gardening use. Not only does this minimize the amount of food waste going into landfills, it creates a new revenue stream for both the restaurants and the composting companies. Moreover, this rotation completes a full-circle economy where resources are put to best use. It promotes healthy eating, community growth and a sense of unity as we all strive for a greener and healthier earth. This action might seem small, but the collective impact can be massive! Let's turn the tide on food waste and create a tastier and greener future together!;Valid;7.8;The issue of food waste is a global problem that affects a large number of people and businesses.;6.5;The user has identified a significant problem with clear global implications.;8.2;The user effectively communicates the urgency of the problem, highlighting the global scale and the significant environmental impact.;5.0;The user has identified a significant global problem - food waste, particularly in the restaurant and fast-food industry.;6.0;The problem of food waste, particularly in the restaurant and fast-food industry, is indeed a significant issue with a high frequency.;7.8;The solution presented is a commendable attempt at addressing the problem of food waste, particularly in the restaurant and fast-food industry.;7.0;The proposed solution aligns well with the principles of maintaining high-value material cycles and resource maximization by transforming food waste into nutrient-rich soil.;6.0;The proposed solution is not entirely novel as there are already existing initiatives where restaurants partner with composting companies to manage food waste.;7.0;The proposed solution presents a viable business model that could generate revenue for both restaurants and composting companies, while also contributing to waste reduction.;6.5;The idea of creating a circular economy by converting food waste into compost is commendable and aligns well with sustainability goals.;Default Name;Materials;The proposed solution to global food waste, particularly in the restaurant industry, involves creating partnerships between these businesses and local composting companies, where food waste is converted into nutrient-rich soil, promoting a full-circle economy, minimizing landfill waste, and creating new revenue streams.
EchoMe is an initiative meant to reduce the work load to typing. A software to be developed and accessible globally. It is a voice activated program meant to listen to the voice of the user and automatically type in the words of the user. This directive facilitates easiness of internet use for the disabled and impaired, it is meant to save time, provide higher accuracy, reduce mistakes and further advance the technological dimensions there are. ;EchoMe still as a brainchild, came to me while I was typing an essay for college. And I thought, what if there is a software that I can install on my laptop and it automatically records my voice and types in everything I need to write. EchoMe will be designed to save time. The target audience includes everyone who needs to get something typed, like college students, working class population, even the retired people. The lot of who cannot communicate in writing can use EchoMe to communicate just by talking to the system. It is meant to bring the world together, double productivity, reduce mistakes, ensure accuracy, reduce plagiarism and piracy of work and provide ease of work to users. ;Valid;6.8;The idea has a broad potential impact, especially for disabled and impaired individuals.;6.0;The idea of a voice-activated typing software has potential, especially in terms of accessibility for disabled and impaired individuals.;6.5;The idea is innovative and has potential benefits, particularly for disabled and impaired individuals.;4.0;While the idea of a voice-activated typing software is innovative and could potentially have a positive impact on certain demographics, the user failed to provide a detailed explanation of its economic implications.;5.0;The idea of a voice-activated typing software is not new, and there are already several similar solutions available in the market.;4.0;While the idea of a voice-activated typing software is innovative and could potentially benefit a wide range of users, the solution lacks a clear connection to the principles of circular economy and sustainability.;3.0;While the EchoMe initiative is innovative and has potential to improve accessibility and productivity, it does not align significantly with the principles of the circular economy.;2.0;While the idea of a voice-activated typing software is indeed beneficial, especially for those with disabilities, it lacks novelty and innovation.;5.0;The idea of a voice-activated typing software, EchoMe, has potential for generating revenue, especially considering its broad target audience.;4.0;The idea of a voice-activated typing software is not new and there are already established players in the market like Google's Voice Typing and Dragon NaturallySpeaking.;Default Name;Society & Culture, Health & Wellbeing;EchoMe is a proposed voice-activated software designed to automatically transcribe spoken words into text, aiming to save time, increase accuracy, reduce errors, and enhance accessibility for all users, including those with disabilities.
One major global issue we face today is the surplus of plastic waste. Single-use plastics are commonly used for packaging in various sectors, like retail, food, and manufacturing. These plastics, often non-recyclable or ignored during waste management, clog up our oceans, harm wildlife, and end up in landfills, where they take hundreds of years to degrade. Furthermore, producing these plastics requires a significant amount of energy and resources and contributes to environmental degradation.  ;My solution is an innovative Reloop - System, which involves a comprehensive 'Packaging as a Service' model for businesses across sectors.   In the first step, productions and businesses would eliminate their need for newly produced plastic packaging whenever possible, by collaborating with a 'Packaging as a Service' provider. Each business would regularly receive high-quality, standardized, reusable containers from the service. They fill these containers with their products, and after distribution, the used containers are rounded up from retail stores or directly from consumers.  The second step involves the cleaning and sanitation process. Gathered containers are mechanically cleaned and sterilized, making them ready for reuse. As these containers are durable and designed for multiple uses, this process significantly reduces the demand for single-use plastics.  Lastly, the circular nature of this model ensures massively reduced plastic waste production and encompasses a viable financial model. Businesses save money by reducing expenditure on plastic packaging production or procurement. The service creates new job opportunities in the collection, cleaning, and redistribution of containers, contributing to the economy. While this idea may face implementation challenges due to existing infrastructures and systems, its long-term benefits and scalability make it a feasible solution to the current plastic waste problem.;Valid;7.8;The issue of plastic waste is a global concern that affects a large number of people, animals, and ecosystems.;7.0;The user has identified a significant global problem - the surplus of plastic waste.;8.5;The user has effectively conveyed the urgency of the problem, providing specific details about the severity of plastic waste and its impact on various sectors.;6.0;The user has identified a significant global problem - the surplus of plastic waste.;7.0;The user has identified a significant and recurrent problem - the surplus of plastic waste.;7.8;The proposed solution presents a comprehensive approach to addressing the problem of plastic waste, with a clear focus on the principles of the circular economy.;7.0;The proposed solution aligns well with the principles of the circular economy, particularly in maintaining high-value material cycles and reducing waste.;7.0;The proposed solution is not entirely novel as there are already existing models of 'Packaging as a Service' in some sectors.;7.0;The proposed solution presents a potentially profitable model by reducing expenditure on plastic packaging production or procurement for businesses.;7.0;The proposed solution is innovative and aligns well with the principles of a circular economy.;Default Name;Materials;The proposed solution to the global plastic waste problem is the implementation of a 'Packaging as a Service' model, where businesses use reusable containers provided by a service provider, which are then collected, cleaned, and redistributed, reducing the need for single-use plastics and creating new job opportunities.
In our fast-paced world, every year billions of electronic devices are sold, and after a relatively short lifespan, they are often discarded resulting in a huge e-waste problem. Not only is e-waste hazardous, but it's also a loss to the industry in terms of valuable resources like precious metals and rare earth elements.   ;My solution proposal is an ""Electronics Leasing System"" where instead of buying gadgets and electronic devices outright, consumers would pay for the usage of the device over a certain period of time. The ownership of the devices remains with the manufacturers. Once the device's lifespan is over, or the consumer wishes to upgrade, the device is returned to the company. This returned device can then be refurbished and leased again or recycled in a controlled, environmentally friendly way to recover valuable resources. This system results in lesser e-waste generation, efficient resource usage, and a financial win for both customers and businesses due to lowered upfront costs and resource recovery.;Valid;7.8;The issue of e-waste is indeed a global concern, impacting a vast number of individuals and industries.;6.0;The user has identified a significant problem, e-waste, which is indeed a growing concern in our increasingly digital world.;8.2;The user effectively highlights the urgency of the e-waste problem, emphasizing its rapid growth and the significant loss of valuable resources.;6.0;The user has identified a significant problem, e-waste, which indeed has a substantial economic impact due to the loss of valuable resources.;6.0;The problem of e-waste is indeed significant and recurrent, as the user correctly points out.;8.0;The proposed solution is a well-thought-out approach to the e-waste problem, aligning with the principles of the circular economy by promoting reuse and recycling.;7.0;The proposed solution aligns well with the principles of maintaining high-value material cycles and resource maximization, as it promotes the reuse and recycling of electronic devices.;6.0;The idea of an "Electronics Leasing System" is not entirely novel, as similar models have been implemented by some companies for certain products.;7.0;The proposed solution presents a potentially profitable business model that could generate recurring revenue for manufacturers while reducing upfront costs for consumers.;7.0;The idea of an "Electronics Leasing System" is innovative and aligns well with the principles of a circular economy.;Default Name;Materials;The proposed "Electronics Leasing System" allows consumers to lease electronic devices from manufacturers, reducing e-waste and promoting efficient resource usage by refurbishing or recycling the devices in an environmentally friendly manner once their lifespan ends or an upgrade is desired.
Landfills are filling up with post-consumer waste from the textile industry, which consists of non-degradable material, harmful chemicals, and dyes. Additionally, this forms a significant part of the waste that finds its way to the oceans, harming marine life.  ;The solution is to build an ecosystem around a 'Clothing as a Service' model, which could include a subscription-based clothing rental, an artist platform for clothing customization, and a circular-supply chain powered by textile recycling technologies.   The uniqueness of this solution lies in the added layer of customization and making it into an ecosystem. It combines clothing rental, repair, artist promotion, and textile recycling in one model.  The clothing rental service would work like the previous model, but be subscription-based to provide more flexibility. A points-based currency could also be introduced, which would allow subscribers to avail higher-value items at discounted rates.   An innovation that could set this idea apart is promoting â€œwearable artâ€ â€“ partnering with local artists to customize clothing items for an additional fee, promoting local art culture, plus bringing uniqueness into the rental catalog.   To make this model circular, post-consumer and post-rental clothes beyond repair could be sent to partnered recycling plants, where they will be treated and turned back into raw textile materials to produce new clothes.   This enhanced model provides significant environmental benefits by reducing textile waste generation, promoting reuse and recycling of clothes. Customizations and recycling efforts can create additional revenue streams while supporting local artists and recycling industries.   As for feasibility and scalability, digital platforms and logistics companies can make this operation feasible on a large scale, while partnerships with artists and recycling factories can enable further expansion. A well-implemented model that addresses potential concerns about cleanliness, quality, and variety, as well as a positive marketing campaign showcasing the environmental and financial benefits to consumers, can increase its acceptability. Hence, the solution is not only feasible and scalable, but it also improves community engagement and the green credentials of the fashion industry.;Valid;6.8;The issue is globally recognized and the explanation is quite detailed.;4.0;The problem identified is indeed significant and has a high potential for growth, given the increasing consumption of textiles worldwide.;8.2;The user effectively communicates the urgency of the problem, highlighting the immediate threat to both land and marine ecosystems.;4.0;The user has identified a significant problem, namely the accumulation of post-consumer waste from the textile industry in landfills and oceans.;5.0;The problem of textile waste in landfills and oceans is indeed significant and recurrent.;8.0;The solution presented is comprehensive and innovative, addressing the problem of textile waste in a multi-faceted manner.;7.8;The proposed solution aligns well with the principles of the circular economy, particularly in maintaining high-value material cycles and creating diverse values beyond financial metrics.;7.0;The proposed solution is innovative in its approach to tackle textile waste by integrating a 'Clothing as a Service' model with a circular supply chain.;7.0;The proposed solution presents a unique and innovative approach to addressing the issue of textile waste.;7.0;The proposed solution is innovative and aligns well with the principles of a circular economy and sustainability.;Default Name;Materials;The proposed solution to the problem of textile waste is to create a 'Clothing as a Service' ecosystem, which includes subscription-based clothing rental, artist customization, and a circular supply chain powered by textile recycling technologies, thereby reducing waste, promoting local art, and creating additional revenue streams.
Despite the environmental principles behind a reusable packaging service model, in its current form, it demands significant adjustments from businesses, requires customer cooperation, may induce additional costs, and presents operational risks. Additionally, while the concept supports the circular economy, it lacks novelty.  ;To resolve these constraints and amplify the novelty factor, we are proposing an innovative ""Smart Packaging as a Service"" model. The core of our idea revolves around developing intelligent, durable, and reusable packaging equipped with IoT (Internet of Things) sensors. These smart packages can provide real-time data about the package's location, state, and conditionâ€”helping businesses to streamline their logistics, reduce waste, and lessen the environmental impact, while also enhancing customer experience.  Novelty lies in how we transcend the usual reusable packaging model by integrating IoT technology. The interactive platform associated with IoT would encourage customers to return the packages by providing benefits such as loyalty points, adding a gamification aspect. Furthermore, it can generate new revenue streams by leveraging the data gathered, enabling businesses to optimize their operations, reduce costs or even sell this data to interested third partiesâ€”making the proposition not just cost-effective, but financially rewarding.   The nature of IoT allows for scalability with growth and feasibility in several industries from food delivery, retail to pharmaceuticals, and more. Environmental impact is felt not just through the direct reduction in singular use packaging, but also from the optimised logistics reducing additional carbon emissions. This Smart Packaging as a Service offers an evolved take on the traditional Packaging as a Service model, increasing the novelty and improving upon the financial and environmental impacts and feasibility.;Valid;6.5;The explanation is detailed and acknowledges the challenges of implementing a reusable packaging service model.;4.0;The user has identified a significant problem in the realm of sustainability and circular economy, but the explanation lacks depth and clarity regarding the potential growth and increasing impact of the problem.;6.5;The user has identified a pressing issue with the reusable packaging service model, highlighting the need for immediate attention.;4.0;The user has identified a significant problem in the realm of sustainability and circular economy, namely the challenges associated with implementing a reusable packaging service model.;4.0;The user has identified a significant problem in the realm of sustainability and circular economy, which is the challenges associated with implementing a reusable packaging service model.;8.0;The solution presented is innovative and aligns well with the problem.;7.8;The proposed solution aligns well with the principles of the circular economy, particularly in maintaining high-value material cycles and creating diverse values beyond financial metrics.;8.0;The proposed solution is innovative and has a high potential for impact.;7.8;The proposed solution of "Smart Packaging as a Service" model is innovative and has the potential to generate significant financial returns.;7.0;The idea of "Smart Packaging as a Service" is innovative and aligns well with the principles of the circular economy.;Summary;Materials;The proposed "Smart Packaging as a Service" model aims to overcome the limitations of traditional reusable packaging by integrating IoT technology, providing real-time data to streamline logistics, reduce waste, and enhance customer experience, while also creating new revenue streams and reducing environmental impact.
